000ExamDateYYYYMMDD,000ExamTimeQ,000Slot,000Paper,000Branch,000RegNo,000Student,000ExamDate,000ExamTime,000Event
-,-,A,MAT102,CS.....,CEC21CS054,Johan  Benny,,,B.Tech S2 (S) Exam June 2023 (2019 scheme)-
-,-,A,MAT102,CS.....,MDL20CS031,Aparna  V,,,B.Tech S2 (S) Exam June 2023 (2019 scheme)-
-,-,A,MAT102,CS.....,MDL20CS084,Niranjan  R G,,,B.Tech S2 (S) Exam June 2023 (2019 scheme)-
-,-,A,MAT102,CS.....,MDL20CS103,Sangeeth  T S,,,B.Tech S2 (S) Exam June 2023 (2019 scheme)-
-,-,A,MAT102,EB.....,MDL20EBE004,Adarsh  Sajeev,,,B.Tech S2 (S) Exam June 2023 (2019 scheme)-
-,-,A,MAT102,EB.....,MDL20EBE014,Aswindev  ,,,B.Tech S2 (S) Exam June 2023 (2019 scheme)-
-,-,A,MAT102,EB.....,MDL20EBE026,Harsha  Johny,,,B.Tech S2 (S) Exam June 2023 (2019 scheme)-
-,-,A,MAT102,EB.....,MDL20EBE027,J  Gokul Dev,,,B.Tech S2 (S) Exam June 2023 (2019 scheme)-
-,-,A,MAT102,EB.....,MDL20EBE035,Lakshmipriya  P,,,B.Tech S2 (S) Exam June 2023 (2019 scheme)-
-,-,A,MAT102,EB.....,MDL20EBE038,Mohammed Shahaan Shoukath,,,B.Tech S2 (S) Exam June 2023 (2019 scheme)-
-,-,A,MAT102,EB.....,MDL20EBE046,Sainul  Hafis K N,,,B.Tech S2 (S) Exam June 2023 (2019 scheme)-
-,-,A,MAT102,EB.....,MDL21EBE002,Abdul Basith  Pattupara,,,B.Tech S2 (S) Exam June 2023 (2019 scheme)-
-,-,A,MAT102,EB.....,MDL21EBE004,Abinan K Navas,,,B.Tech S2 (S) Exam June 2023 (2019 scheme)-
-,-,A,MAT102,EB.....,MDL21EBE021,Arya  Premsuthan,,,B.Tech S2 (S) Exam June 2023 (2019 scheme)-
-,-,A,MAT102,EB.....,MDL21EBE027,Fathima   Farhath Tr,,,B.Tech S2 (S) Exam June 2023 (2019 scheme)-
-,-,A,MAT102,EB.....,MDL21EBE031,Godson C F,,,B.Tech S2 (S) Exam June 2023 (2019 scheme)-
-,-,A,MAT102,EB.....,MDL21EBE035,Henna   K,,,B.Tech S2 (S) Exam June 2023 (2019 scheme)-
-,-,A,MAT102,EB.....,MDL21EBE037,Kamal  Krishnan,,,B.Tech S2 (S) Exam June 2023 (2019 scheme)-
-,-,A,MAT102,EB.....,MDL21EBE049,Nadeem Muhammed Shah K N,,,B.Tech S2 (S) Exam June 2023 (2019 scheme)-
-,-,A,MAT102,EB.....,MDL21EBE050,Navaneeth Krishnan  S,,,B.Tech S2 (S) Exam June 2023 (2019 scheme)-
-,-,A,MAT102,EC.....,MDL20EC039,Gayathri  Sasi,,,B.Tech S2 (S) Exam June 2023 (2019 scheme)-
-,-,A,MAT102,EC.....,MDL20EC042,Gouri  Krishna,,,B.Tech S2 (S) Exam June 2023 (2019 scheme)-
-,-,A,MAT102,EC.....,MDL20EC044,Hari  Prasad,,,B.Tech S2 (S) Exam June 2023 (2019 scheme)-
-,-,A,MAT102,EC.....,MDL20EC054,Jonathan  Chirakarottu George,,,B.Tech S2 (S) Exam June 2023 (2019 scheme)-
-,-,A,MAT102,EC.....,MDL20EC117,Varsha T P,,,B.Tech S2 (S) Exam June 2023 (2019 scheme)-
-,-,A,MAT102,EC.....,MDL20EC122,Akash S Nair  ,,,B.Tech S2 (S) Exam June 2023 (2019 scheme)-
-,-,A,MAT102,EC.....,MDL21EC016,Alan  Biju,,,B.Tech S2 (S) Exam June 2023 (2019 scheme)-
-,-,A,MAT102,EC.....,MDL21EC033,Aravindakrishnan  V,,,B.Tech S2 (S) Exam June 2023 (2019 scheme)-
-,-,A,MAT102,EC.....,MDL21EC069,Lakshmi  Manoj,,,B.Tech S2 (S) Exam June 2023 (2019 scheme)-
-,-,A,MAT102,EC.....,MDL21EC112,Sidharth  S,,,B.Tech S2 (S) Exam June 2023 (2019 scheme)-
-,-,A,MAT102,EC.....,MDL21EC115,Sooraj  P B,,,B.Tech S2 (S) Exam June 2023 (2019 scheme)-
-,-,A,MAT102,EE.....,CEC21EE006,Akshay  Ns,,,B.Tech S2 (S) Exam June 2023 (2019 scheme)-
-,-,A,MAT102,EE.....,MDL20EE005,Adhithya  Anirudhan,,,B.Tech S2 (S) Exam June 2023 (2019 scheme)-
-,-,A,MAT102,EE.....,MDL20EE017,Arun N Raj,,,B.Tech S2 (S) Exam June 2023 (2019 scheme)-
-,-,A,MAT102,EE.....,MDL20EE019,Aswathy  Vijayan,,,B.Tech S2 (S) Exam June 2023 (2019 scheme)-
-,-,A,MAT102,EE.....,MDL20EE034,Kiran  P.A,,,B.Tech S2 (S) Exam June 2023 (2019 scheme)-
-,-,A,MAT102,EE.....,MDL20EE058,Vigin  V,,,B.Tech S2 (S) Exam June 2023 (2019 scheme)-
-,-,A,MAT102,EE.....,MDL21EE014,Anusha   Tg,,,B.Tech S2 (S) Exam June 2023 (2019 scheme)-
-,-,A,MAT102,EE.....,MDL21EE032,Faize  Mohammed,,,B.Tech S2 (S) Exam June 2023 (2019 scheme)-
-,-,A,MAT102,ME.....,MDL20ME003,Aiden Abraham Baby,,,B.Tech S2 (S) Exam June 2023 (2019 scheme)-
-,-,A,MAT102,ME.....,MDL20ME006,Anandh V Gopal,,,B.Tech S2 (S) Exam June 2023 (2019 scheme)-
-,-,A,MAT102,ME.....,MDL20ME009,Ardhra Jayan K,,,B.Tech S2 (S) Exam June 2023 (2019 scheme)-
-,-,A,MAT102,ME.....,MDL20ME030,Lakshmi   R,,,B.Tech S2 (S) Exam June 2023 (2019 scheme)-
-,-,A,MAT102,ME.....,MDL20ME031,Madhavan  M,,,B.Tech S2 (S) Exam June 2023 (2019 scheme)-
-,-,A,MAT102,ME.....,MDL20ME039,Muhammed Shifas C.S,,,B.Tech S2 (S) Exam June 2023 (2019 scheme)-
-,-,A,MAT102,ME.....,MDL20ME049,Sangeerth  Pm,,,B.Tech S2 (S) Exam June 2023 (2019 scheme)-
-,-,A,MAT102,ME.....,MDL20ME054,Sivakami  S,,,B.Tech S2 (S) Exam June 2023 (2019 scheme)-
-,-,A,MAT102,ME.....,MDL21ME006,Achuth J Govind,,,B.Tech S2 (S) Exam June 2023 (2019 scheme)-
-,-,A,MAT102,ME.....,MDL21ME007,Adarsh  Krishnan,,,B.Tech S2 (S) Exam June 2023 (2019 scheme)-
-,-,A,MAT102,ME.....,MDL21ME008,Adarsh  Prasad,,,B.Tech S2 (S) Exam June 2023 (2019 scheme)-
-,-,A,MAT102,ME.....,MDL21ME020,Arjun  R P,,,B.Tech S2 (S) Exam June 2023 (2019 scheme)-
-,-,A,MAT102,ME.....,MDL21ME028,Faseeh  Alam Jamal,,,B.Tech S2 (S) Exam June 2023 (2019 scheme)-
-,-,A,MAT102,ME.....,MDL21ME029,Gagan  Remesh,,,B.Tech S2 (S) Exam June 2023 (2019 scheme)-
-,-,A,MAT102,ME.....,MDL21ME032,Harisankar  S,,,B.Tech S2 (S) Exam June 2023 (2019 scheme)-
-,-,A,MAT102,ME.....,MDL21ME043,Neeraj R Menon,,,B.Tech S2 (S) Exam June 2023 (2019 scheme)-
-,-,A,MAT102,ME.....,MDL21ME045,Noor Mohamed M A,,,B.Tech S2 (S) Exam June 2023 (2019 scheme)-
-,-,A,MAT102,ME.....,MDL21ME058,Vivek  M.V,,,B.Tech S2 (S) Exam June 2023 (2019 scheme)-
